{
  "project_info": {
    "project_number": "770519277425",
    "firebase_url": "https://hackathon-1fa0b.firebaseio.com",
    "project_id": "hackathon-1fa0b",
    "storage_bucket": "hackathon-1fa0b.appspot.com"
  },
  "client": [
    {
      "client_info": {
        "mobilesdk_app_id": "1:770519277425:android:158d80475c9a89f68260d0",
        "android_client_info": {
          "package_name": "com.example.hackthon"
        }
      },
      "oauth_client": [
        {
          "client_id": "770519277425-15up0fnv69ukns3pf16dht8ppenabkt2.apps.googleusercontent.com",
          "client_type": 3
        }
      ],
      "api_key": [
        {
          "current_key": "AIzaSyDe-YLAjfWYf363PFN7SEvrJDQn3f9t_40"
        }
      ],
      "services": {
        "appinvite_service": {
          "other_platform_oauth_client": [
            {
              "client_id": "770519277425-15up0fnv69ukns3pf16dht8ppenabkt2.apps.googleusercontent.com",
              "client_type": 3
            }
          ]
        }
      }
    }
  ],
  "configuration_version": "1"
}